<?xml version="1.0" encoding="UTF-8"?>
<!DOCTYPE hibernate-mapping PUBLIC "-//Hibernate/Hibernate Mapping DTD 3.0//EN" "http://hibernate.sourceforge.net/hibernate-mapping-3.0.dtd">
<hibernate-mapping>
<class name="com.yash.User" table="user">
  <id name="userid">
   <generator class="increment"></generator>
  </id>
  <property name="firstname" ></property>
  <property name="lastname" ></property>
  <property name="add1"></property>
<property name="add2" ></property>
  <property name="dob" ></property>
  <property name="email"></property>
<property name="password" ></property>
  <property name="city" ></property>
  <property name="mobile"></property>
</class>

</hibernate-mapping>